Text,Class
ye bhi illegal immigrant lag rahi hai nrc register mein iska naam check karwana chaheye,?
yeah asked someone skirt today said asos like time buy send back 1000 things sake finding one thing like,?
need clean selective hearing cobwebs ears tells live tv wins election going impeach trumps fing ass offensive send back,?
easy complain criticize offering solution close border send back home,?
guess sendthemback policy friend hit little close home huh g funny works,?
maga chanting send back racism exploitation top agenda make america white,?
tweeted send back way important ask liberal sunday show host including chris wallace,?
blend nativism racism nationalism central trumpism worldview writes view disregard illegal alien like four progressive congresswomen color,?
demonize undocumented immigrants actions one undocumented immigrants,?
fan base screaming send back referring exwives,?
imagine illegal criminals crossing desert endangering families heat would,?
fire started illegal alien powerline mismanaged forest,?
believe want talking said nothing supporters started chant send back basked saying made bullshit like patriots crowd size never came,?
calls unpatriotic says people chanting send back hate rally incredible people love country get things backwards,?
christian born islamic country family immigrated usa ppl like want infestation send back,?
know going win going trump needs independents moderates win everything power turn away send back shit going cut,?
shining example pathetic rino thinks raise voice take high road conflict everybody like well completely wrong time stand cretins quit weak,?
sweet nice love gives cover trump hateful supporters claim merely chanting send back minnesota send back africa many us know history send back america heard,?
let chuckles send back simple stop trying make spectacle visit people free leave,?
quite delusional entire world horrified racist tweets chilling send back chants let go 12 seconds world leaders speaking actions dangerous,?
donald trump row sajid javid condemns barelymasked racism nationalism shut concent,?
latino man legal immigrant see anything racist hate america much go away omars case seems committed immigration fraud fair send back racist seriously racism,?
send back five tell shorty love still gon act like done enough bitches lying got time love double cup,?
implying congressmen ss guard people chanted send back nazi would condem one chanted anything send back directed minority congresswoman horrible outlandish comparison,?
derive racism send back one mentions color content character attitude color,?
fox news chris wallace burns stephen miller trumps racist lies let send back chant go 13 seconds,?
flat lie video shows lie important started chant started sunday,?
happy disagree pres trump says send back chant crowd campaign ral,?
bill someone shows believe christian lied said started talking fast send back chant began truth stood slightest smirk face good man,?
rally crowd shouts send back cuz female muslim black trump criticized lots b4 prez yet,?
remember rumps rally asked stop border crossings one guy shouted shoot find strange many magats chanted send back time believe told thoughts,?
trump could never truly disavow racist send back chant trumpism incarnate,?
putin russia must laughing america claims free democratic country criticize government trump call exile send back like soviets exiled dissidentsto siberia,?
jobs hmmm people love idea proud job beholden 2 government hand outs stopping illegal immigration literally cost legal household thousands dollars mention saving thousands immigrant lives raped child molestationssex slavery,?
city convicted felon sex offender also illegal immigrant picked ice court house family tried obstruct officers say convicted felons victims suffered enough,?
trump people chanted send back patriots,?
oh instead duke heard group instead sendherback heard recordcrowd get papered right another controversy ya,?
send back even worse lock washington post via,?
actually lizzie disgraces cheneys piled nation overwhelming hard get past stormtroopers started send back chant reminded us always new disgraces deviant party members load onto shame pile,?
centrist democrats running decriminalizing illegal entry,?
think mirror true easier launch nonmanned nonreturning machinery moon send men bring back asteroids big enough blast moon rocks clear earth hit moon moon rocks antarctic ice,?
stand ground mr president send back shortened version go back fixt govt come back nothing racist,?
chris wallace cross examining stephen miller aka joseph goebbels dad would proud chris,?
president trump disavowing send back chants came rally last night per pool,?
let us talk send back platform leader,?
popular vote legitimate electoral college counts rather popular vote,?
shame disavowed chant send back think like stab back many supporters may lose feel stand supporters stood behind beginning,?
17 year old illegal immigrant named baudilio salomon diaz ambrocio raped 7 year old badly marietta georgia poor girl required surgery many cases like going see,?
would lie national tv condoning racist remarks trump absolutely mentioned congres,?
thousands white americans chanting send back somaliborn us citizen congresswoman shocking,?
white house flack trump made clear disagrees stands people chanted send back,?
rep ilhan omar responds send back chant maya angelou poem,?
let us ask wha think chanting send back remember someone could saying,?
says might speak rally crowd chants send back,?
send back worst first lady ever instead spending ridiculous amounts money dressed take money buy poor kids locked food clothes send back,?
ocasiocortez trump enjoyed crowd saying send back,?
uh huh nope send back means chant directed females implied return place origin yeah gender ethnicity,?
mr swan probably forgot quotation marksto make clear used words prissident trumpets followerswho chanted send backalso stop people chanting quickly starting speak waited chanting almost stopped,?
plays rules immigrates legally achieves hard work merit seat congress chants send back pure racism,?
13 seconds long trump rallygoers chanted send back rep ilhan omar today president says disagreed stop asked,?
send trump supporters back instead us interested knowing,?
send back chants trump falsely claims tried quell,?
illegal alien killed two women drunken crash caught trying flee country,?
megan rapinoe slams send back chants disgusting despicable via,?
far starting line projihadi immigration fraud send back,?
tweet illegal immigrant sic sorry infuriate feel hope well,?
anyone actually read donald trumps tweet say send back repeated incorrectly,?
interest treating uk like atm machine freedom movement poorer countries great pay eu improve economies come claim benefits send back countries double tap economy,?
send back come back countries came room send guantanamo bay detention camp prison cuba,?
commissions still open form open anyone fill form send able get correspond get internet fully back,?
invite send back country problem solved,?
cheney says send back chants inappropriate omars race gender course,?
crowd chants send back send back trump goes point call without h,?
idk still play add send gifts ill send back friend code 5812 7450 6522,?
trumps send back rally reallife history lesson,?
worries congrats great seats happen make friends people outside group near even rows back may leaving send way lol,?
excellent article one really wants send back,?
rally promoted coersed say whole heartedlysend back learn make decision like want deported color skinit based done,?
send back send back send back send back send back send back loveitorleaveit,?
hired shills poutss rally practicing chant lara trump kept using words send home futile attempts correction lara trump sent home came back,?
democrats sent political long response memo knew sources methods,?
trump intensified vilification 4 congresswomen underscored attacks key part strategy winning reelectionin 20min diatribe said welcome leave us like policies,?
trump cult really see anything wrong send back go back came love leave completely oblivious unamerican,?
30second clip shows trump told blatant lie reaction send back chants,?
throwing supporters bus week disavowing racist send back chants heard,?
dr cornel west describes moment heard racist chants send back presidents rally,?
dear twitter fuck oh yeah illegal alien hate speech suspend account anyone elses nazi,?
daily assaults ones sensibilities political world crowds shouting send back concerning,?
yes called build wall accept specific number time provide adequate amenities process claims send qualify back accept next number intended,?
gender weird illegal alien got nobel prize,?
wow nephew could stopped unamerican send back chants nothing,?
fox news host presses wh adviser stephen miller send back chant trump rally,?
racist poc wearing maga hat upholding values ideology trump would dinner white house many poc chanting send back racist,?
sunday trump send back monday trump send back tuesday trump send back wednesday trump send back wednesday magats send back thursday trump cool tried stop friday trump send back,?
illegal alien children superior us every way according left,?
thousands trump supporters shouting send back openly racist end game trump round everyone disagree get rid perhaps deportation slow maybe start exterminating see kind hatred leads,?
illegal alien come across borders illegally illegal alien nationalistyou immigrant criminal,?
struck isthis young girl join first looks around big basketball arena delirium angry grownups contagious end 13 seconds girl starting mouth words send back send back,?
fox news host presses wh adviser stephen miller send back chant trump rally racist disgusting bigot arguing defending rhetoric abnormal remaks administration via,?
lara trump says send back chant president trumps recent rally north carolina spontaneous crowd response lies,?
trumprepublicans problem brown people want enter legally brown people came legally turned congresswoman trumprepublicans send back send back,?
get back parents teachers friends whoever around contributed low sense self wor,?
send back sound bite grown context became racist comment leftists anyone cares listen whole speech said go back came change ctry come back tell us,?
dan ranted like 2 minutes send back chants,?
american patriots apologize chanting send back slogan antiamericans lea,?
fox news questions trump send back rally chants,?
watched video trumps nc rally chanting send back unlike chants white supremacy rally prove supporting trump exclusively racist individuals know,?
first said agree crowds chants send back rally praises incredi,?
trump created send back chant fault responsible controlling rally crowds crowd following trumps lead responsibility racist frenzy shoulders,?
illegal alien living illegally ny sad story suicide trump came h,?
deserve support welcome back wishing nothing positivity future send good vibes deserve back 100x fold,?
cheney says send back chants inappropriate omars race gender,?
uk country desperate trade deal selfconfessed protectionist could condemn send back chant,?
sen chuckie maga rallies boisterous excited love show spirit one would send squid back back home districts ie vote think called freedom speech ever heard dumocrat would send back,?
fell asleep wednesday night early woke learn send back chant infuriated also saddened along pedophiles learning cohen directed trump hes going get away made tough week still hope,?
wow go ahead build incinerators mean expensive time consuming send everyone back easier exterminate right sorry much honestly kind behavior despicable way talk,?
bit rich tories criticise trumps send back rhetoric literally introduced pol,?
hoax face evil fascism expert warns facing emergency trumps send back rally,?
worst kind dishonesty miller kudos chris wallace reporting 13second pause restarting speech send back chant died,?
soft mindset klentak kapler infused players remember years back wh,?
chris wallace shuts stephen millers lie racist send back chants v,?
donald stepped stage rally north carolina wednesday senior adviser daughter law lara,?
think people realized chanting send back cool totally agree americans right american passionate country like people like country ie squad,?
wow trump supporters see man throw bus chant send back agree oh funny guy think fighting turned quicker milk sun huh,?
loud clear trump problem fascist send back chants anyone continues support condoning,?
county abused people like also add mr trumps rant thank mrtrump trying stop stupid things country back,?
problem chanting send back normalizes hate generalizes used perceive ethnicity superior others really accept ethnicity usually caucasian,?
called turncoat traitor nonlatino lot individuals support trump deporting illegal immigrants proud immigrant honduras proud yous citizen,?
mary ann heart w pray god continues 2 give,?
true gop embracing send back defend trump scared mean tweet pence say want chants stop racist concerning gop chants encouraged,?
oh unbelievable ban sons advocate killed drunk driver illegal alien please reinstate account,?
2824 watered flocks turned back shade saido lord truly desperate need good thou dost send sha allah sha allah sub han allah,?
propaganda slogans like similar look sound gog magog book revelation lied said immediately stop racist chant send back took 13 seconds,?
high school senior north carolina trying register 8000 north carolinians vote place 8000 racists chanted send back trumps rally last week share help get registered,?
democrat brown shirts antifa beat conservatives bloody pulps trumps supporters wanting ameri,?
megan rapinoe rips send back chants sad disgusting despicable,?
always identifying send back hostile environment always meant windrush landlords health professionals acting immigration officers list goes,?
oh pls open pay 100 400 attend rallies repeat says send back waits 14 secs hell talk planned organized everybody knows receipts shown tweetsfrom orlando rally,?
send back send back send back send back,?
found letter housing administration mailbox asked clean hallway regularly going write beautiful letter back send detailed record need additional cost 100 pay month 13,?
mike pence skips chance strongly rebuke send back chants pence worm,?
nope cross country illegally criminal illegal alien criminal,?
xenophobic political cries send back turned st louis around 1939 sent bertha grunthal 900 souls back,?
trumps attacks ilhan omar congresswomen despicable joe biden says la joe biden denounces president trumps attacks ilhan oman congresswomen color day trump supporters rally shouted send back,?
quick summary response send back chants,?
trump reverses says crowd chanting send back patriots via,?
another reason say send back,?
pence says trump might make effort stop send back chants cbs news chief washington correspondent major garrett sat vice president mike pence cape canaveral interview wide range topics including send back chants,?
spotted one white nationalist virginia representing wyoming spreads hate racism,?
gutter girl called tacha whatever mannerless girl send back fake life community,?
omar must defended views israel gay rights progressive taxation need agree things fact need,?
ok basically saying yes ok come country pay taxes overwhelm health care system taking never said send back crowd hold accountable get facts straight,?
back 60s wisconsin remember hearing belong go back came love leave generally meant agree get send back came words heard father say,?
rally bask glory racist chanting send back trying tell people like wanted stop supporters stupid americans believe bull comes mouth,?
top brass ear ground stupid idea toyed send afs instructors afghanistan stupid neither capability back logistically wherewithal extract needed jai ho,?
3 yes younguns usa really send men moonand brought back usa time astonishingly wealthy powerful ambitious arrogant country 3end,?
chris wallace burns stephen miller trumps racist lies let send back chant go 13 seconds raw story racist bed kkk period,?
follow president camera stood 13 seconds crowd shouted send back said oh like immediately tried stop none realize threw bus would commit suicide thought would help,?
democrats lose elections concerned protecting feelings illegal aliens actual jobs upholding interests american people,?
meanwhile german scholars making comparisons trump hitler adoring throngs chant send back refugee sure activist got dragged rally congress real threat america,?
one cares crowd size care rampant racism president putting stamp approval daily knowall people think onesend back exact time planned,?
twicedeported illegal alien charged firstdegree murder allegedly shooting killing iowa moth,?
great republicans americans voters stand hateful person best thing going reelect outside great policies economy national security wait till jan 20th 2021 send back,?
alabama heard send back reminded george wallace rally back 6872 wow tho,?
enthusiasm saw hear send back chants also hope realize blatantly racist tweets spawned 1960sera racism across country,?
chants orchestrated trumps people coached people uniformly chant send back prior rallys start trump waited chant several times continuing demonization omar premeditatedorchestrated,?
ocasiocortez trump enjoyed crowd saying send back sentinel colorado cortez,?
issue 40 years making amnesty promises congress complicit human trafficking exploitation illegal alien labor sides please deal immigration,?
iran heck think chinese spy elaine chao working goverment let us send back,?
reunite country illegal alien criminal foreigner respect borders laws,?
government send back came,?
chris wallace burns stephen miller trumps racist lies let send back chant go 13 seconds,?
sweet daisy peripheral vestibular syndrome wobbles head tilted bobbles hopefully bac,?
want living backs want come come legally illegally send back home,?
melania racistbirther know talking aboutsend back,?
obama also separated families border built cages house obama literally said quote send kids bc send back ok big deal bc name donald trump,?
denver officials release illegal alien beat man death,?
send back rascist comes common phrase go back country said nonwhite people mean many times someone said trump lied trying stop chant let run course,?
give already goodness sake need get life months said proof collusion produced nothing give wasting taxpayer money afford democrats want support every illegal immigrant creeps us,?
lara trump lies like trump lara trump everything downplay rally,?
omar one brought race religion equation herd one word mentioning race reli,?
lashes host accuses lying rally crowds send back chant must remembered try stop chant stupidity racism,?
maybe lot aholes chant send back woman came country legally even though claim fine immigrants come legally might racism,?
hell cares anyway go trump go virginia democrats vow boycott legislatures 400th anniversary celebration trump attends fox news,?
thought lola would grow nearly dying back soulsquelching nonsense hope lola kills kola leave kyle single awhile kyle send one ship another,?
two excellent must read pieces go viral racism euphemismwords matter,?
trump asked additional funding border patrol could keep w influx migrantstalked abt l,?
ocasiocortez trump enjoyed crowd saying send back,?
hey take tour la seattle sanfrancisco atlanta much worse conditions next wave ad,?
donald trump needs go man said send back came like came voluntarily would even know send us back,?
friday president trump walked back disavowal send back chant campaign rally following threestage crisis playbook used defended neonazi protesters charlottesville,?
joaquin castro introduces bill eliminate use illegal alien yous laws wants call foreign natio,?
want spend night away partner without feeling lonely back send small additional fee r14999 even breakfast,?
give break democrats chant pigs blanket fry like bacon call playfull republica,?
send back jordon waiting,?
minnesota lawmaker returned home cheers support president trump falsely claims tried stop,?
uh oh ivanka noticed dog black nose grandpa send back,?
used send back hashtag end people saying racist right,?
send back lives get hate congress know rally people met send back america could mean get congress,?
send back minneapolis mall america hiring hard place antiamerican ass holes,?
daily vindication right right vindicate every 24hr proves something rotten smell covered scent lies,?
guess capslock wrong position robert blm chants want dead cops want antifa chant trump wall usa cops klan go hand hand send back crossing line neat,?
defended nazi chants apparently ok send back,?
saying send back blatantly racist asking speak speak strongly,?
fake news votes hillary got trump illegal votes illegals calif dems support open borders wait till illegals dreamers find hurt send money back home,?
endless harassment hillary clinton mention harassment ilhan omar true president yous would ever act like common street thug criminal,?
compared constant viciousness violence vituperation witness erupting left spontaneous chant send back simply playful amusing nobody got hurt anyone meant,?
trump reverses says crowd chanting send back patriots via,?
could least washed cheeto dust nasty mouth please continue spread word dad war criminal illegal alien soo,?
show lied said like chant send back,?
decent americans regardless party let us vote decency integrity moral leadership 2020 let us vote toxic divisive incompetent demagogue office,?
identify illegal alien get free housing,?
decades illegal immigration mexican immigrant population yous declining along number mex,?
charlotte place racist hate speech mayor vi lyles responds send back chants trump rally,?
stephen miller idea separate trumps omar criticism presidents complaints stephen miller notorious racist career based solely explicit bigotry knows exactly,?
gop play pro israel card keep,?
chris wallace burns stephen miller racist lies let send back chant go 13 seconds via,?
remember msm democrats chanted send back first lady melania trump starting racist campaign little reminder,?
send back chant inappropriate race gender,?
chanting send back like fascist lunacy,?
incredible people incredible patriots sez maggots greenville cha,?
john stonestreet warren cole smith wade tempest president trumps latest controversial tweets suggested group farleft congresswomen color go back countries origin,?
major garret pence trump happy send back chanting rally happens might might make effort speak might make effo speak,?
send back trump supporters nc rally atlantic like high school college rivalry us vs,?
criticize immigration policy criticize peoples views ask questions born seen racial ok mr miller criticizes israel mean antisemitic,?
trump wants start race war exadvisor says campaign planned send back chants,?
newsatw ilhan omar send back send back chanted meaning representative ilhan omar somaliaborn jewhating weirdo elected congress ghastly fruitcakes run things minneapolis president donald j trump elected president ghastl,?
trump also say send 4 congresswomen back country said go back fix come back show us done media keeps saying,?
send wife inlaws back country americans teach speak proper english,?
dead water cnns anderson cooper accuses lara trump liar pumping north carolina crowd led chant send back expect fading network like cnn biased ac,?
local party sccdp rowaidaabdel hate nancy said muslims think go back together country religion letsgomathias dispatch trumps rally chilli,?
mike pence skips chance strongly rebuke send back chants,?
send back chant impeachment send back chant protest impeachment called send back chant must addressed many levels path revolutions clear unwillingness prevent,?
omg orange people come send back bad like rotten bad make sick stomach,?
hey loved damn straightsend back constantly speaking bad great nation garbage get,?
great opening tonight taken fraud squad tell like noholdsbarred impetuous condescending send back charm school,?
michelle obama seemingly swipes trump amid send back controversy well tell 4 bitch squad quit trashing america trying change way idiot thinkingthey tell trump go home back racist,?
yepper im never going 300 followers im braggin dont put got fast wheels around oh well back stupid republicans love trump send back,?
feel dad called crowd patriots chanting send back initially saying agree tried stop saw lie,?
texas red betos mob illegalalien voters could break thru thankyou jesus theusa fedup wtheantiamericaislamownedleft lefts massive 2020 meltdown looms,?
purple place would never heard possibly illegal immigrant hated country hated send back would less appropriate race serves dishonest media keep story alive,?
individual1 says start send back chant refuses responsibility control goes rallies whip ignore tries settle one word mussolini catch,?
immigrants illegals send back,?
gov steve bullock calls send back chants stain presidency,?
lock send back common pretty obvious,?
wonder reaction would 20000 native american indians held rally chanting send back forget every nonnative american immigrant,?
literally entire fascist rally people chanting send back like fascist apologists ratbag outfit trying tell people ignore evidence eyes ears,?
suspect existence bermuda triangle phone mentions disappear send never get answer back,?
profile courage mike pence says trump might make effort speak send back chant happens via,?
every illegal alien criminal law get clue,?
oh really racist apparently never heard cameras video tape,?
law break defend staunchlyprovide sanctuary laws political cleanup inaction decades every death american killed illegal alien criminal protecting,?
past 3 years democrats media enabled hoaxes called us racists irredeemable bigots thugs deplorable uneducated,?
send back trumps honest campaign slogan via,?
quotes mexicans rapists mexican origin judge fair go back country 4 congresswomen people smug look rally supporters shouted send back coming 240 char limit,?
said unfair media went office concerned send back chants president went south lawn clarified exactly talking,?
crowd chants send back president trumps combative north carolina rally,?
taught supporters dislike anyone look like chanting send back congresswomen ilan omar putting life risk physical harm breeding hate agaisnt,?
ever notice people send individual texts send individual texts back show annoying bother lmao,?
trumps send back rally echoes earlier yous whiff fascism people cheered stadium 2003 tractor cr,?
democrats weakness appeased president instead invited bolder challenges democracy rule law,?
alien belonging another country nation illegal contrary forbidden law term illegal alien connote racism perfectly descriptive persons status country like resident alien,?
twicedeported illegal alien charged three murders two children,?
started chant send back trump stood podium silently like mussolini letting crowd chant 12 seconds started speaking telling quiet disavowing encouraging action racist,?
congratulate senator sinema better send people back country apply american embassy countries farall already family usa,?
alien invasion round send back came period,?
sure pointing condemning racist fascistic malignant fantasies trump useful getting rest gop either fully condemn trumpism compel elected gop politicians admit vile complicity,?
omarosa claims send back chants planned part rally,?
like said shepherd smith ones fox news put bs administration,?
look back say asylum seeking children cages send back chants tolerated president rape allegations president investigated look unrelenting cowardice answer,?
ohhhhh soooo send back hear oh right trump going kick 2020s azz rally going much happier prez fools,?
reminder democratic crowd began boo donald trump lock send back barack obama admon,?
wannabe elizabeth warren may willing look way criminal illegal alien abuses toward americans pile make mistake real president donald j trump back tipi mrs warren,?
damn trump rally basking chants saying send back reveled evil monster racist base loved,?
gop grand jettison racist kooks party send back caves,?
chants race racist send back would definitely still bigoted born lessthan,?
keep forgetting democrats sat election actually came vote 2016 bernies people trumps people stand chance trump rally people shouting send back feel vote effect 2020 lose,?
weird maga means trumpers think america great trumpers hate america trumpers attack nation trumpers understand level vetting congresspeople go also keep whining dbags send back,?
roll tape trying stop crowd chanting send back,?
fault build wall send back countries illegally understand illegally means,?
available berkeley ca would probably get manholes hook could send back although berkeley never afraid manholes,?
lots people get together enjoying part large gathering get excited say goofy things sometimes ever concert ever heard chant especially usa send back may best choice words words one injured,?
good column strong disagreement ilhan elmi omar broke immigration tax laws part sham marriage 100 want send backand care offends,?
trump got taken surprise see ambush coming say send back crowd need ambush squad tell provocative language us neither women color equal free hurl epithets,?
right trumps use section leaders spark seemingly spontaneous chants go back watch nc rally hear section leader 30 seconds small crowd starts chanting send back,?
essentially vote none attacks chant worthy creepy joe lame best pocahontas horribly racist way many syllables maga people send back hits right ring lock,?
fascinates trump supporters needed last send back quote make realize 1000 reg flags meaningless like soon receive direct deposit get okay finally come senses,?
brief history racist phrase go back afrika,?
4 hating illegallegal immigrants racism hating immigrant racecolor therefore racism 5 naive racist,?
outraged crowd chanted send back donald trump told could leave hear outrage maxine waters telling people chase conservatives tell welcome little bit,?
mean obama started shall send known videos telling send kids well send back,?
people attend rallies eat trumps lies chant send back exhibiting cultlike behavior saying voted trump blind allegiance willful ignorance saying hell lot terrifying,?
sourcing cbs report ivanka melania really really upset send back,?
easiest way would follow back way start typing twitter handle name twiiter inserts handle automatically send nice message one tweet like example,?
see situation cancels fact hundreds chanting send back ral,?
next trump continue bash four american congresswomen base chant send back trump shush wink nod base laugh loud,?
would trump feel people chanted send back wife,?
suggesting conservative leaders go back country ancestors disagree calling communists chanting send back lock taking children themif asking,?
ooooh watching stephen miller context even worse chris wallace shuts stephen millers lie send back chants,?
happy posted short article moon landing relates comic illegal alien available patreon starting 7 level check,?
illegal aliens race fact putting race term illegal alien contradicting argument,?
maga lock build wall send back wwgowga butter emails meant triggered 3d chess anything jebus trump sentence fake news racist bone body,?
also sticks craw white supremacist followers wanting send back omar anti israel confused supposed even hate,?
illegal alien sold thousands fraudulent ids ohio document mill,?
send back supporters apologise,?
think worded said carefully call mind without exactly saying ageold send back africa cliche carefully avoided making racial knowing dems would make racial point lack discernment,?
trump fan see flawed person capable good bad try call see call ilhan omar anti semite using anti semitic tropes upset trump uses racist trope like send back,?
saw video illegal alien thing dems made latino issue de,?
blend nativism racism nationalism central trumpism worldview writes ibram x kendi view,?
send back somalia home flee marry brother apply asylum time get doj investigate may need send home,?
send back send backi hope offends bad go real bad people want destroy country defend,?
send back chant race xenophobia misogyny lara trump rehearsed potus direction effect speech americans hate liars liz already drawn conclusion whether trumps speech fits,?
seen masses women rallies chanting send back bringing kids,?
hear send back know four american congresswomen color solidifies hunch never entering country illegally nope racist,?
hold position government still understand difference legal immigrant illegal invader,?
send back good plan,?
illegal immigration many selfish actors benefit national review immigrant entirely innocent knows care know entering yous taken slot wouldbe legal immigrant,?
a2 believe least north carolina campaign rally send back chants occurred governor former gov current pres candidate,?
sendthemback leave hate country socialism place america,?
send back told go home young trump start chant nothing coming mouth correct,?
america want party led illegal immigrant tax cheat hates america married brother trying kill,?
joins alex witt supporting protestors calling governors resignat,?
megan rapinhoe funny last name leave omar go directly somalia play lots soccer,?
presses send back chant rally,?
yes send back still holding accountable part election current occupant white house,?
link got twitter ad truth illegal immigrant crime essentially identical content 1930s german propaganda ancestors,?
geraldo rivera make fox friends hosts see trump tweets racist,?
prediction crowd chant send back trump smirk say smile,?
snotty say hurtful words instead choose tell maybe need go back college give degree back someone depression know talking someone like could send someone edge,?
heartbroken former party thinks acceptable engage racebaiting political tactic discussing se,?
oh boy people literally chanting send back trump rally like 3 days ago turn,?
seeing videos people chanting send back news days president donald trump called four congre,?
happens illegal alien misgenders someone collect 200 go jail,?
truth relished supporters chanting mentioned tells constituents,?
send back definitely focusing minority communities,?
say send back even country istanbul,?
alien think alien would like live fued country world anyways good luck catching illegal aliens,?
less votes hilary last time attacking people ethnic backgrounds saying go back 4 us citizens disgusting rally day allowed bunch white people chant send back big trouble,?
send back racism word socialism thing supports american people 1 want fake news news story like trick hitler stalin keep slave wages 1 gets richer gop pay trump platform,?
agree antisemitic paying visit antidefamation league called trumps remarks racist called stop using israel jews shield,?
rep elijah cummings says send back chants remind experience fight desegregation 60s trump things brings feelings 50 years ago painful,?
actually feel sorry crowd chanted send back support 200 demonized communist usa media fun harmless lockerup chant one time spontaneous rally chant proud patriots rally omar disgrace,?
see pres ts rallies chanting send back minorities new craze know friends go minorities neighborhoods make chorus sing song bet like reaction since privately anyway,?
centrist republicans say really want send ilhan omar back republican base insta ratios chanting yes centrist republicans nowhere found,?
europeanborn jews suddenly count citizens fascists rose power germany mistaking,?
democrats care illegal alien drama cameras nothing immigration reform,?
saw horrifying horrible feeding worst instincts base patriotism country flag crook con way white house lying people chanted send back,?
chanted send back stood smirked incite hatred bigotry feeds part personality evil evil said something try stop ashamed live nc bigotry thriving,?
leaked photo trump wh leaving klan rally tonight supporters chanted send back bc tru,?
realize send back becomes thing indigenous people across us mexico canada apply courts send white people back came white person america stupid,?
bc students illegal alien arrest ice called highly suggestive retaliation federal judge,?
shut hell idea hell talking chant racial racist dems make every damn thing racist hatefulbigots,?
think crowd nc definitely took one way stop saying send rep omar back,?
trump supporters new rallying cry send back reverberates across nation fraught racial tension washington postfk trump fk go back whence came hell,?
next time trump melania hope people start chanting send back,?
send back country learn pick poop seriously white dog right flat lined,?
trump never going disavow racism supporters views racism path reelection trump supporters chanted send back patriots racists want anyone look like united states,?
racist trump could never truly disavow racist send back chant racist trumpism incarnate,?
last week trump supporters chanting send back congresswoman dinner posted picture began fundraising social media uncle bernie thank ally bigotry hatred,?
shown heartfelt compassion hundreds americans permanently separated family hands illegal immigrant fix border stop suffering job,?
chris wallace burns stephen miller trumps racist lies let send back chant go 13 seconds,?
real reason trump distanced send back chants,?
president united states instructing americans apologize foreign country worried happens democrats hate oh right trying position avoid send back,?
yes let us send back always opportunistic know also liar,?
send back chanted agree racist matter color go back,?
depending weatherwhich probably rain heading back 40 try make another video still trouble uploading youtube still send dm email requested today want pattern super blackhawk,?
assuming telling truth seemed believe said tearful post good proves democrat tell go back denying republican crowd chant send back 1,?
trump chased opposition gov proposed changes citizen repealed freedom speech chant send back starts showing rallies little black military uniform start worry,?
used send back hashtag end people saying racist,?
means send back shitholes came ever may thank husband forngettingbthis shit started,?
mean hes behind felicitys final season hippie friend uses literal magic send back time save relationship,?
see someone read 13 seconds took talk letting crowd chant send back,?
trump reverses says crowd chanting send back patriots huffpost,?
lmfao trump supporters chanting send back lmfao shes queens lmfao trump supporters special kind stupid lmfao,?
small statement wrong seems laura trump started send back chant wow,?
ocasiocortez trump enjoyed crowd saying send back via,?
crowd repeat send back chants trump act hes trying kill,?
president trump claims melania ivanka advise denounce send back chant,?
ocasiocortez trump enjoyed crowd saying send back smiled went speech could stopped said approveby silence said crowd knew,?
conservatives would lose dem said send melania back country 45 actually says send back,?
yes offensive low class worse 10 second chant send back continual accusation president border patrol equivalent one worst mass murderers history world,?
love trump threw supporters bus saying chanting send back anything guy throw anyone bus,?
president trump made clear disagreed chant stands people north carolina across country support trump campaigns tells asked trump stands send back chant,?
also icymi wrote moment earlier fox news chris wallace hammered stephen miller claimed trump made clear condone supporters racist send back chants rally last week,?
bigger point raised wednesdays american hatefest question going abo,?
onpoint response knuckledragging mouth breathers regarding print,?
antiillegal immigrant protest meets native american,?
president continues argue ok congresswomen criticize country policies asked ok repeatedly call yous laughingstock foreign policy stupid elected,?
ocasiocortez trump enjoyed crowd saying send back,?
big time antiamerican illegal alien supporting aclu,?
quietly stood chanted send back tweet calling big patriotic crowd supported racism supporting still,?
people shocked past week ugly tweets president repulsive chants send back,?
even get talking point illegal reference someone immigration status difference,?
vile person obama,?
shocked white women support trumps racist send back comments anybody ever worked,?
found grandpa tried send mom place could hide pregnancy give away come back like nothing happened never felt loved lmao likes damn,?
curious send back crowd noticed leader threw bus probably probably fake news,?
illegal alien broke florida home tried stab woman death,?
fraud squad making big deal president telling like go wherever think betterfix place come back show us say like break mexicosend postcard,?
continue,?
presidents policies stopping things like,?
fox news chris wallace hammered top white house adviser stephen miller sunday claimed president donald trump made clear condone supporters racist send back chants rally north carolina last week,?
either wayfor credibility one must make decision stand behind decision live decision trump reverses says crowd chanting send back patriots,?
asked reporter would ask supporters president trump said agree send back chant rally north carolina chant reference congresswoman ilhan omar,?
conservatives hate us hoax look edge cases prove entire stadium scum chanted send back like 72 hours ago,?
human trafficking drug flow violence americans inappropriate tax expenditure billions illegal immigrant criminals,?
trump 13 seconds send back said word one word tells people trying get stop one word said think minute next time call best president ever,?
record telling someone go back country racist period pres complicit chants send back poc congress person racist unacceptable,?
would say probably big fan criminal alien sedition acts president john adams positive hes never heard,?
also back room full people holding teeny babies belong mom send 2 month old nursery also miss corporate worship teaching love,?
favor sending every islamist back islamic world want part world want fall victim hatred violence already many innocent people reckless crazy send back,?
abc news send back chants painful extremely divisive rep elijah cummings via,?
serious obama people deported admin,?
twicedeported illegal alien accused murdering iowa mother two kids,?
als je niet tevreden bent met je land kan je de politiek daar iets aan verbeteren hoorde ik iemand zeggen op de radi,?
get whiplash listening trump speak yesterday said agree supporters chanting send back tried discourage listened chants 13 seconds today hes saying chanted incredible patriots,?
send back first safe country traveled since left,?
going illegal immigrant detention center lol fake,?
freedom speech said yr moron groupies chanting send back pick play rules one apologising,?
funny white americans start chanting send back native indians chant trump second generation,?
democrats piloting illegal alien tax disguised gas tax current gas tax money many states funneled slush fun,?
send tweets seen also happening back 2017 instead,?
someone slamming erica thomas right word recrimination thousands p,?
send back stone age get lives,?
millions illegal aliens voted way hildabeast received many votes voter fraud plain simple democrats importing votes one alien time,?
send back pretty tame compared mad maxine watters telling constituents go,?
stephen miller public speaking behalf president tv interviews would work well good,?
less day tweeting said going send trump back came democrats condemn racist vile hateful words something tells liberal black privilege allow get away,?
actually love facts one omar legal immigrant america 6 years longer melania way melania illegal look fact chain migration family illegal send back,?
wrong major parties send back argument become racism abou,?
send back chants grifter decides hop bandwagon maybe get deluded individuals,?
democrats nothing big babies attend anniversary celebration trump anyone vote acting like virginia democrats vow boycott legislatures 400th anniversary celebration trump attends,?
megan rapinoe slams send back chants disgusting despicable liberals enjoy freedom speech liberals suffer patriots conservatives freedom speech,?
true send back economic reasons period,?
trump send back came racist chant echo hitler nazis incitement jews,?
misconstrued chant enlighten us chant send back really meant,?
trump distances send back chant inspired asked stop said well number,?
next klan rally trump says horrible thing ilhan omar crowd send back send back trump sarcastically got tell stop crowd continues chant trump flunkies fox trump told crowd stop fault carried,?
cnn tell truththey inject thier personal opinionswatched rally people chanting send started itdo agree w chantedi heard vial comments omaraoctalibpressley yet report,?
elijah cummings doubt president trump racist compares rally chants 1960s civil rights era bigotry,?
fake news allhe could immediately quelshed racist chanthe chose let grow let take root 14 seconds donald stood silently bathing racist chant send back take blinders hes racist misogynistic,?
pardon truthful colorful candor butomar liberally made yous citizenregrettably,?
demons use bible like devil deceive anyone basic biblical understanding knows abraham precursor jesus points come 3 visitors illegal alien invaders wisemen would visit savior jesus,?
send back problem solved could change laws forcing horrible situation,?
send back racist dems say trump family cabinet voters dems said jews aoc said ice agents really flat pathetic unamerican biased hacks,?
wow lot american hate another sleeper cell time bomb ticking congresssend back yup,?
chris wallace shuts stephen millers lie racist send back chants,?
like direct people chanting send back cherry picked words twist something thete nice try butfail,?
chris wallace shuts stephen millers lie racist send back chants,?
nicholle trump tries distance send back chants claims tried stop contradicting video ev,?
mega president trump supporters need assist president fake news president trumps next rally august 1st cincinnati let us change chant send back vote difficult fake news mess chant,?
media outlets saturated like lie lara prepped prerally forced 45 next days trump reverses says crowd chanting send back r incredible patriots reattacks congresswomen wsame horrific lies,?
people show get green cards send back larissa straight con artist jay young married pedro green card surprised go find white woman try scam like usually,?
worth reading especially irishamerican proud send back country came,?
let us forget chelsea clinton first imply american accuse antisemitism,?
ig every called zehoye smeticsn would go back natural home origin many white people would left america send back z,?
start enter country illegally flew 15 hours country exact complete documentation called illegal alien got,?
gop devolved personality cult surrounding racist demagogue incites mob chant ab,?
got enough murderers child rapists round send back forget human rights rats never thought peoplechildren violated maybe dogooders help would like go well sure set funding page pay 1 way,?
stop using money send back stop inviting freeloaders thieves users,?
drug czar james w carroll drugs coming ever political diversions,?
happens little steps tolerate atrocities,?
watching paul blart siblings ones ever mentioned blarts wife apparently illegal immigrant used blart gain citizenship left stuck kidwtfffffff wrote,?
place ordered wig ok either get 10 eur send back 19 eur send back latter ok get 19 need send back tried trick,?
fantasyland numbers yeah watch rally stoke hate fear americans try stop people channing send back stop saying fake news live see fake news real watching live sad donny,?
babbling talking greenville rally condemned chant talking tweet say send back women antisemites hateful harpies outrage radical beliefs,?
ate hits took standing still blindsided confused could feel rode thinking must gainz andthat money time file claim soon possible fast walked back send checks lot quicker,?
give example racist rhetoric please muslim race wall see color illegal alien race race card worn smudged overuse,?
lara trump lashes cnn host accuses lying rally crowds send back chant caught video twit,?
coming joins us talk fuel added trumps fire crowd chanted send back rally tune tonight,?
look scary ass looking scared motherfucker stand racist motherfucker,?
3rd angles never worked waste time bring kartik,?
voices head donald everyone talking big crowd however talking deplorable send back chant encouraged let run nodding head like dancing chant 13 seconds,?
sleep night denied need resourcesdid talk victims trafficking,?
michelle obama hillary slam trumptwo former first ladies weighed president trumps send back comment friday mic,?
send back incarcerate,?
sold amazon directly idea called amazon support even opened told want open would rather send right back told open make sure wrong product,?
yous rep alexandria ocasiocortez told constituents president donald trump enjoyed hearing crowd rally earli,?
mike pence says trump might make effort speak send back chant happens mike pence needs stop coddling like everyone else,?
playing trump card go back belong send back trying hard hide latent racism shall say word soup hiding behind muslim race discrimination religion,?
joongs eye infection mingis illness hwa yeos injury woos back pain looked soo exhaustedexpedition,?
regarding send back chantingthe chant need encourage vote,?
cincinnati need send back chants sure try start free aap chant,?
timelapse trump speaking quickly stop audience chanting send back man,?
hi david sorry hear argos order declined us declining purchase retailer review claim monday send back argos ask review purchase contact monday via email danielle,?
3 watch full screen 0027 video trump visibly nods affirmation steps away podium greenville nc crowd chants send back lying nodding,?
mike pence says trump might make effort speak send back chant happens usa today,?
espn gets political dan le batard rips trump rally send back chant,?
send back came along parents,?
hi sunny love view high school senior nc trying register 8000 new voters place,?
2010 10 russian covert spys arrested us soil joe biden asked jay leno,?
understand outrage send back understand lack outrage trump supporters must bed,?
send back guess ok subject jews,?
hauntingly scary every time see american flag lately feel shame pride incredibly difficult feel patriotic country chanting send back locking kids cages stripping women fundamental rights,?
care people care playing politics simple send back country came build wall people came legally get,?
way chucky obama seem want deport illegal alien criminal change mind know one reason losing voters nobody country marxist states let alone girl telling us,?
exactly obama used strong language borders rapists sex human trafficking presidency one called racist trump says nearly exact words racist state show obama 2016 arrested trump,?
corporations sued punished opioid epidemic states cities sued sanctuary city stance illegal immigrants kills citizen legal immigrant,?
lara trump accuses critics send back pushing biased raciallycharged narrative,?
trump reverses says crowd chanting send back incredible patriots via,?
